area,sales_amount,total_percentage
HR,1.3444401049999991E7,0.7064905814905815
Finance,1.3104726649999991E7,0.7210884353741497
Games,1.406247575E7,0.7136058230683091
Marketing,1.2998781890000002E7,0.7014819326025172
IT,1.2525434299999993E7,0.71964461994077
